{"cameraMode":{"drawMode":0,"name":"Shaded","section":"Shading Mode"},"sceneLighting":true,"audioPlay":false,"sceneViewState":{"m_AlwaysRefresh":false,"showFog":true,"showSkybox":true,"showFlares":true,"showImageEffects":true,"showParticleSystems":true,"showVisualEffectGraphs":true,"m_FxEnabled":true},"in2DMode":false,"pivot":{"x":-0.5425876379013062,"y":0.19991783797740937,"z":-8.662461280822754},"rotation":{"x":0.05542406812310219,"y":-0.3322767913341522,"z":0.019566873088479043,"w":0.941367506980896},"size":0.9242481589317322,"orthographic":false}