{"cameraMode":{"drawMode":0,"name":"Shaded","section":"Shading Mode"},"sceneLighting":true,"audioPlay":false,"sceneViewState":{"m_AlwaysRefresh":false,"showFog":true,"showSkybox":true,"showFlares":true,"showImageEffects":true,"showParticleSystems":true,"showVisualEffectGraphs":true,"m_FxEnabled":true},"in2DMode":false,"pivot":{"x":0.20399999618530274,"y":0.15000000596046449,"z":-9.07800006866455},"rotation":{"x":0.12486118078231812,"y":-0.34913578629493716,"z":0.04699527472257614,"w":0.9275414347648621},"size":0.2863524854183197,"orthographic":false}