{"cameraMode":{"drawMode":0,"name":"Shaded","section":"Shading Mode"},"sceneLighting":true,"audioPlay":false,"sceneViewState":{"m_AlwaysRefresh":false,"showFog":true,"showSkybox":true,"showFlares":true,"showImageEffects":true,"showParticleSystems":true,"showVisualEffectGraphs":true,"m_FxEnabled":true},"in2DMode":false,"pivot":{"x":0.19286084175109864,"y":0.264575719833374,"z":-9.77721118927002},"rotation":{"x":0.20856553316116334,"y":-0.12286573648452759,"z":0.02641826495528221,"w":0.9699136018753052},"size":0.44212689995765688,"orthographic":false}