{"cameraMode":{"drawMode":0,"name":"Shaded","section":"Shading Mode"},"sceneLighting":true,"audioPlay":false,"sceneViewState":{"m_AlwaysRefresh":false,"showFog":true,"showSkybox":true,"showFlares":true,"showImageEffects":true,"showParticleSystems":true,"showVisualEffectGraphs":true,"m_FxEnabled":true},"in2DMode":false,"pivot":{"x":-0.3941344916820526,"y":0.00973645132035017,"z":-8.424076080322266},"rotation":{"x":0.09792014211416245,"y":-0.325427383184433,"z":0.033908821642398837,"w":0.939892590045929},"size":0.8182949423789978,"orthographic":false}